name;brand;price;ingredients;rating;sub-category;category;benefit
SKIN1004 Madagascar Centella Quick Calming Pad;SKIN1004;Rp195.360;Water, 1,2-Hexanediol, Butylene Glycol, Centella Asiatica Extract, Panthenol, Xanthan Gum, Sodium Hyaluronate, Ethylhexylgycerin, Disodium EDTA, Citric Acid;4.3;Essence;Treatment;menenangkan kulit, menyegarkan, dan menyerap dengan cepat tanpa meninggalkan residu. menenangkan iritasi kulit serta menjadikan kondisi kulit nyaman.  merawat area iritasi dengan mudah dalam sekaligus serta melekat dengan baik pada bagian yang terdapat lekukan seperti bawah mata, sisi hidung      
Crystal Secret Pure Treatment Essence;WARDAH;Rp87.000;Aqua, Niacinamide, Methyl Gluceth-20, Propanediol, Phenoxyethanol, Butylene Glycol, Glycerin, Allantoin, Disodium EDTA, Chlorphenesin, Glycereth-26, Sodium Hyaluronate, Sodium Hydroxide, Sodium Metabisulfite, Leontopodium Alpinum Extract, Actinidia Polygama Fruit Extract, Hydroxypropyl Cyclodextrin, Adenosine, Alpha-Arbutin, Citric Acid, Xanthan Gum, Potassium Sorbate, Sodium Benzoate, Caprylhydroxamic Acid, Ethylhexylglycerin;4.8;Essence;Treatment;membantu menjaga kelembaban kulit secara optimal serta bantu mencerahkan kulit. melembabkan serta membuat kulit terasa lebih halus dan lembut, mencerahkan kulit secara lebih optimal agar tampak lebih cerah dan sebening kristal, membantu untuk meningkatkan daya serap produk skin care selanjutnya sehingga lebih efektif pada kulit.
Theory Brightening Essence;SKIN GAME;Rp145.960;Aqua, Glycerin, Tranexamic Acid, Trehalose, Panthenol, Propylene Glycol, Ammonium Acryloyldimethyltaurate/VP Copolymer, Dmdm Hydantoin, Disodium Edta, Cystoseira Tamariscifolia Extract, Phenoxyethanol;5;Essence;Treatment;mencerahkan, menghidrasi dan menenangkan kulit kemerahan. Membantu mencerahkan, menghidrasi dan menyegarkan kulit wajah. 
Vinoperfect Concentrated Glycolic Essence;CAUDALIE;Rp650.000;Acrylates, Aluminum Salts, Animal Musks/Fats/Oils, Benzophenones, Butoxyethanol, Butylated hydroxyanisole, Butylated hydroxytulolene, Carbon Black, Coal Tar, Ethanolamines, Formaldehyde, Hydroquinone, Lead, Lead Acetate, Mercury, Thimerisol, Methoxyethanol, Methyl Cellosolve, Methylchloroisothiazolinone, Methylisothiazolinone, Mineral Oil, Nanomaterials, Oxybenzone, Parabens, Petrolatum, Parrafin, Phenoxyethanol, Phthalates, Plastic Microbeads, Polyacrylamide, Acrylamide, Resorcinol, Retinyl Palmitate, Styrene, Sulfates, Talc, Toluene, Triclosan, Triclocarban, Synthetic Fragrance, Acetaldehyde, Acetone, Acetonitrile, Benzalkonium chloride, BPA, EDTA, Methylene chloride, PTFE, PFOA, 1,4-Dioxane, Octinoxate, PFAS, Nitromusks, Polycyclic Musks, Ethoxylated Ingredients, PEGS, Polyethylene glycol, Cyclic Silicones.;4.9;Essence;Treatment;mencerahkan kulit, mengeksfoliasi kulit dan menghidrasi kulit. Kulit akan terlihat lebih cerah, merata, dan bersinar
Yuja Essence Vitalizing Pump;ABIB;Rp228.000;Citrus Junos Peel Extract, Butylene Glycol, Dipropylene Glycol, 1,2-Hexanediol, Water, Glycereth-26, Niacinamide, Chondrus Crispus Extract, Saccharum Officinarum (Sugarcane) Extract, Sodium Hyaluronate, Lactobacillus Ferment Lysate, Panthenol, Acrylates/C10-30 Alkyl Acrylate Crosspolymer, Choleth-24, Glycerin, Diphenyl Dimethicone, Tromethamine, Triethylhexanoin, Hydrogenated Lecithin, Ethylhexylglycerin, Citrus Junos Peel Oil, Pentylene Glycol, Tocopherol, Ascorbic Acid, Disodium EDTA, Limonene;4.3;Essence;Treatment;mencerahkan kulit serta memudarkan bekas jerawat dan noda hitam pada kulit. menyegarkan kulit dan menghidrasi secara ringan.
DR.G Hydra Aqua Capsule Essence;DR.G;Rp285.000;Aqua, Propanediol, Glycerin, Pentylene Glycol, Methyl Gluceth-20, Niacinamide, Panthenol, Caprylic/Capric Triglyceride, Acrylates/C10-30 Alkyl Acrylate Crosspolymer, Dipropylene Glycol, Xylitylglucoside, Hydrogenated Lecithin, Anhydroxylitol, 1,2-Hexanediol, Tromethamine, Calcium Alginate, Xylitol, Adenosine, Agar, Melia Azadirachta Leaf Extract, Melia Azadirachta Flower Extract, Diethylhexyl Syringylidenemalonate, Eclipta Prostrata Extract, Coccinia Indica Fruit Extract, Ocimum Sanctum Leaf Extract, Solanum Melongena Fruit Extract, Corallina Officinalis Extract, Moringa Oleifera Seed Oil, Simmondsia Chinensis (Jojoba) Seed Oil, Curcuma Longa Root Extract, Ascorbic Acid, Glycine, Lysolecithin, Serine, Glutamic Acid, Aspartic Acid, Leucine, Alanine Lysine, Arginine, Tyrosine, Phenylalanine, Sodium Hyaluronate, Proline, Threonine, Valine, Isoleucine, Histidine, Cysteine, Methionine, Hyaluronic Acid, Hydrolyzed Hyaluronic Acid, Hydrolyzed Sodium Hyaluronate, Hydroxypropyltrimonium Hyaluronate, Potassium Hyaluronate, Sodium Hyaluronate Crosspolymer, Sodium Acetylated Hyaluronate.;5;Essence;Treatment;membantu menghidrasi kulit dan membuatnya tetap lembap. menjadikan kulit tampak lebih lembut, kenyal dan cerah berseri.
Crystallure Superme Activating Booster Essence;WARDAH;Rp275.000;Aqua, PEG-6 Caprylic/Capric Glycerides, PEG-7 Olive Glycerides, Propanediol, Glycerin, Mannitol, Propylene Glycol, Phenoxyethanol, Xylitol, Acrylates / C10-30 Alkyl Acrylate Crosspolymer, Panthenol, Chlorphenesin, Triethanolamine, Trideceth-9, PEG-40 Hydrogenated Castor Oil, Butylene Glycol, Disodium EDTA, Fragrance, Biosaccharide Gum-2, Polysorbate 20, Chamomilla Recutita (Matricaria) Flower Extract, Ectoin, Benzoic Acid, Hydroxyectoin, Acetyl Heptapeptide-9, Xanthan Gum, Glyceryl Caprylate, Colloidal Gold, Benzyl Alcohol.;4.3;Essence;Treatment;mengoptimasi peremajaan kulit untuk wajah lebih muda bercahaya. Berperan juga sebagai activating booster untuk meningkatkan fungsi produk skin care yang digunakan selanjutnya. 
Snail EX Ultimate Boost Facial Essence;JUMISO;Rp192.000;Snail Secretion Filtrate, 1,2-Hexanediol, Dipropylene Glycol, Glycerin, Butylene Glycol, Panthenol, Sodium Polyacrylate, Water, Xylitylglucoside, Anhydroxylitol, Phenoxyethanol, Acrylates/C10-30 Alkyl Acrylate Crosspolymer, Tromethamine, Allantoin, Xylitol, Sodium Hyaluronate,  Xanthan Gum, Adenosine, Pentylene Glycol, Sodium Hyaluronate Crosspolymer, Sodium Phytate, Caprylyl Glycol, Ethylhexylglycerin, Tocopherol;4.6;Essence;Treatment;menutrisi, membantu regenerasi kulit, merawat keremajaan kulit, dan menyejukkan kulit yang teriritasi ringan. kulit akan tampak lebih lembut dan bercahaya. 
Advanced Snail Radiance Dual Essence;COSRX;Rp378.750;Snail Secretion Filtrate, Butylene Glycol, Niacinamide, 1,2-Hexanediol, Betaine, Panthenol, Water, Glycerin, Limnanthes Alba (Meadowfoam) Seed Oil, Helianthus Annuus (Sunflower) Seed Oil, Allantoin, Carbomer, Macadamia Ternifolia Seed Oil, Sodium Polyacrylate, Sodium Hyaluronate, Inulin Lauryl Carbamate, Arginine, Argania Spinosa Kernel Oil, Nanthan Gum, Soidum Surfactin, Ethylhexylglycerin, Glutathione;4.8;Essence;Treatment;memperkuat elastisitas kulit dan membantu mencerahkan kulit secara bersamaan. menghidrasi kulit secara mendalam dan meningkatkan elastisitas kulit, membantu mencerahkan kulit.
Phyto Niacin Whitening Essence;NACIFIC;Rp70.320;Bambusa Vulgaris Extract, Butylene Glycol, Glycerin, Niacinamide, 1,2-Hexanediol, Sodium Hyaluronate, Nelumbo Nucifera Flower Extract, Citrus Limon (Lemon) Fruit Extract, Morus Alba Bark Extract, 3-O-Ethyl Ascorbic Acid, Rosa Canina Fruit Extract, Leontopodium Alpinum Extract, Citric Acid, Sodium Benzoate, Potassium Sorbate, Arnica Montana Flower Extract, Achillea Millefolium Extract, Gentiana Lutea Root Extract, Artemisia Absinthium Extract, Alcohol, Acrylates/C10-30 Alkyl Acrylate Crosspolymer, Disodium EDTA, Potassium Hydroxide;4.5;Essence;Treatment;mencerahkan kulit, mengunci kelembapan pada kulit dengan kuat, memutihkan dan memberi kelembapan pada kulit, menghilangkan noda-noda, serta mengurangi kekeringan 
Barbie x Lacoco Hydrating Divine Essence;LACOCO;Rp202.500;Water, Glycerin, Butylene Glycol, Triethanolamine, Arisaema Amurense Extract, Carbomer, Aminopropyl Ascorbyl Phosphate, Aloe Barbadensis Leaf Juice, Polyglutamic Acid, Phenoxyethanol, Decyl Glucoside, PEG-40 Hydrogenated Castor Oil, CI 77891, Fragrance, Tetrasodium EDTA, Ethylhexylglycerin, 1,2-Hexandiol;5;Essence;Treatment;mencerahkan, melembapkan, sekaligus melawan tanda penuaan. merawat sekaligus mempersiapkan kulit untuk menerima rangkaian perawatan setelahnya.
Hydrating Divine Essence;LACOCO;Rp202.500;Water, Glycerin, Butylene Glycol, Triethanolamine, Arisaema Amurense Extract, Carbomer, Aminopropyl Ascorbyl Phosphate, Aloe Barbadensis Leaf Juice, Polyglutamic Acid, Phenoxyethanol, Decyl Glucoside, PEG-40 Hydrogenated Castor Oil, CI 77891, Fragrance, Tetrasodium EDTA, Ethylhexylglycerin, 1,2-Hexandiol ;4.8;Essence;Treatment;Mencerahkan sekaligus melembabkan dalam satu waktu. mencerahkan wajah tanpa membuat iritasi, sekaligus membantu memudarkan bekas jerawat dan flek hitam. mencegah penuaan dengan kolagen untuk melembabkan wajah dan mencegah garis-garis halus dan keriput.
Age Miracle Hya-Retinol Ultimate Renew Essence with Peptide & Collagen;POND'S;Rp199.000;Collagen, Red Algae, Peptide;3.5;Essence;Treatment;melembapkan dan menyamarkan kerutan. Sehingga elastisitas kulit meningkat tampak lebih sehat, lembap, dan lebih muda.
Rose Bloom Petal Essence;THE AUBREE;Rp74.250;Aqua, Rosa Canina (Rose) Flower Extract, Butylene Glycol, Phenoxyethanol, PEG-40 Hydrogenated Castor Oil, Rosa Canina (Rose) Flower, Algae oligosaccharides, Tetrasodium EDTA, Triethanolamine.;5;Essence;Treatment;melembabkan dan mencerahkan wajah.anti penuaan
First Care Activating Serum VI;SULWHASOO;Rp152.000;WATER / AQUA / EAU, ALCOHOL DENAT., BUTYLENE GLYCOL, BETAINE, 1,2-HEXANEDIOL, BIS-PEG-18 METHYL ETHER DIMETHYL SILANE, GLYCERYL POLYMETHACRYLATE, PROPANEDIOL, CARBOMER, PPG-13-DECYLTETRADECETH-24, TROMETHAMINE, GLYCERYL CAPRYLATE, SCUTELLARIA BAICALENSIS ROOT EXTRACT, ETHYLHEXYLGLYCERIN, FRAGRANCE / PARFUM, ADENOSINE, LIMONENE, DEXTRIN, THEOBROMA CACAO (COCOA) EXTRACT, METHYL TRIMETHICONE, DISODIUM EDTA, XANTHAN GUM, CELLULOSE GUM, CARRAGEENAN, HONEY / MEL / MIEL, MADECASSOSIDE, REHMANNIA GLUTINOSA ROOT EXTRACT, PENTYLENE GLYCOL, DIPOTASSIUM GLYCYRRHIZATE, 3-O-ETHYL ASCORBIC ACID, TAURINE, OPHIOPOGON JAPONICUS ROOT EXTRACT, PAEONIA LACTIFLORA ROOT EXTRACT, LILIUM CANDIDUM BULB EXTRACT, LINALOOL, POLYGONATUM ODORATUM RHIZOME EXTRACT, BIOSACCHARIDE GUM-1, PROPYLENE GLYCOL, PANAX GINSENG ROOT EXTRACT, NELUMBO NUCIFERA FLOWER EXTRACT, NATTO GUM, ZIZIPHUS JUJUBA FRUIT EXTRACT, JUGLANS REGIA (WALNUT) SEED EXTRACT, PRUNUS MUME FRUIT EXTRACT, CITRONELLOL, CITRAL, GERANIOL, HYDROGENATED LECITHIN, TOCOPHEROL, CITRIC ACID;4;Essence;Treatment;mengembalikan kemampuan kulit yang rusak setelah pembersihan. Menjaga skin barrier dan melindungi kulit dari 10 tanda penuaan, Membantu memaksimalkan produk skincare dilangkah-langkah selanjutnya
Moistfull Essence-Collagen;ETUDE;Rp342.000;HYDROLYZED COLLAGEN, WATER / AQUA / EAU, PROPANEDIOL, ALCOHOL DENAT, BUTYLENE GLYCOL, GLYCERIN, DIMETHICONE, 1,2-HEXANEDIOL, GLYCERYL POLYMETHACRYLATE, HYDROXYETHYL ACRYLATE/SODIUM ACRYLOYLDIMETHYL TAURATE COPOLYMER, ALCOHOL, ACRYLATES/C10-30 ALKYL ACRYLATE CROSSPOLYMER, HYDROGENATED LECITHIN, DISODIUM EDTA, TROMETHAMINE, ETHYLHEXYLGLYCERIN, SORBITAN ISOSTEARATE, SODIUM METHYL STEAROYL TAURATE, HYDROLYZED LUPINE PROTEIN;0;Essence;Treatment;membuat kulit wajah terasa lebih lembab, kencang dan kenyal. melembabkan kulit.
Biome Barrier Essence in Powder Refill;UIQ;Rp167.200;Aqua, Cutibacterium Avidum Ferment Extract Filtrate, Glycerin, Polymethylsilsesquioxane, Silica Silylate, Ascorbyl Glucoside, Sodium Benzoate, 1,2-Hexanediol, Sodium Dehydroacetate, Ethylhexylglycerin, Butylene Glycol, Alcohol, Fructan, Protease, Phenoxyethanol.;5;Essence;Treatment;membantu merawat skin barrier dan menjaga hidrasi kulit. Dapat membantu menyamarkan tekstur wajah agar tampak lebih halus.
Advanced Anti-Aging - Regenerist Youth Pre-Essence;OLAY;Rp111.000;Water, Niacinamide, Glycerin, Butylene Glycol, Hexylene Glycol, Dimethicone, Acrylates/?C10-30 Alkyl Acrylate Crosspolymer, PEG-32, Phenoxyethanol, Benzyl Alcohol, Sodium Hydroxide, Methylparaben, Dimethiconol, Disodium EDTA, Inositol, Isopropyl Isostearate, Sodium Metabisulfite, Tocopheryl Acetate, PEG-100 Stearate, Fragrance, Sodium Ascorbyl Phosphate, Morus Alba Root Extract, Glyceryl Acrylate/?Acrylic Acid Copolymer, Pvm/?Ma Copolymer, Sodium PEG-7 Olive Oil Carboxylate, Lilium Candidum Flower Extract, Palmitoyl Pentapeptide-4, Lonicera Japonica (Honeysuckle) Flower Extract;5;Essence;Treatment;membantu memulai proses pembaharuan permukaan kulit. Membantu menyamarkan keriput dan membuat kulit terasa kencang.
Acne Care Essences;EILEEN GRACE;Rp229.000;Salicylic acid 1.19%, Aqua, Propanediol, Bis-ethoxydiglycol cyclohexane 1, 4-dicarboxylate, Niacinamide, Dipropylene Glycol, Salix Alba (Willow) Bark Extract, Ammonium, Acryloydimetyltaurate/VP Copolymer, Xylitylglucoside, Anhydroxylitol, Xylitol, Glucose, Coceth-7 & PEG-19 Lauryl Glycol Eter & PEG-40 Hydrogenated Castor Oil, Bioflavonoids, Menthol, Sodium Ascorbyl Phosphate, Xathan Gun, Allantoin, Aloe Barbadensis Leaf Juice, Tea tree oil, o-Cymen-5-ol, Chlorphenesin, Phenoxyethanol.;5;Essence;Treatment;Redakan jerawat, iritasi & kemerahan, Mengurangi & mencegah munculnya jerawat, Memberi sensasi dingin untuk menenangkan kulit, Bantu membunuh bakteri penyebab jerawat jadi jarang muncul, Meningkatkan kelembapan & bikin kulit glowing
Spot the Difference Blemish Treatment;AXIS-Y;Rp179.000;Water, Glycerin, Propanediol, 1,2-Hexanediol, Glycereth-26, Niacinamide, Caprylic/Capric Triglyceride, Aloe Barbadensis Leaf Extract, Althaea Rosea Flower Extract, Laminaria Japonica Extract, Eclipta Prostrata Leaf Extract, Centella Asiatica Extract, Ficus Carica (Fig) Fruit Extract, Ulmus Davidiana Root Extract, Amaranthus Caudatus Seed Extract, Camellia Sinensis Leaf Extract, Monarda Didyma Leaf Extract, Hydrangea Macrophylla Leaf Extract, Mentha Aquatica Extract, Sasa Quelpaertensis Extract, Melaleuca Alternifolia (Tea Tree) Leaf Extract, Melia Azadirachta Leaf Extract, Eclipta Prostrata Extract, Cinnamomum Camphora (Camphor) Leaf Extract, Cryptomeria Japonica Leaf Extract, Pinus Pinaster Bark/Bud Extract, Rosmarinus Officinalis (Rosemary) Leaf Oil, Hydrogenated Lecithin, Chamaecyparis Obtusa Water, Trehalose, Octyldodeceth-16, Acrylates/C10-30 Alkyl Acrylate Crosspolymer, Tromethamine, C12-14 Pareth-12, Butylene Glycol, Xanthan Gum, Disodium Edta, Ceramide Np, Fructooligosaccharides, Beta-Glucan, Hydrolyzed Hyaluronic Acid, 4-Terpineol, Glycyrrhiza Glabra (Licorice) Rhizome/Root, Moringa Oleifera Seed Oil, Glycolic Acid, Salicylic Acid, Ethylhexylglycerin;5;Essence;Treatment;menenangkan kulit yang teriritasi dan memberikan hidrasi yang intens. melindunginya dari rangsangan eksternal.  mengangkat sel kulit mati, dan mengatur produksi sebum berlebih.
Age Miracle Hya-Retinol Ultimate Hydra Essence with Hyaluronic & Niacinamide;POND'S;Rp199.000;Hyaluronic Acid, Niacinamide, Bifida Ferment Filtrate;5;Essence;Treatment;melembapapkan, menjaga kesehatan kulit dan memperkuat skin barrier. Sehingga kulit tampak lebih sehat, lembap, dan lebih muda.
Skin Cooling Spray Pad;SKINTIFIC;Rp99.240;DIMETHYL ETHER, AQUA, ACRYLATES/ETHYLHEXYL ACRYLATE COPOLYMER, MYRISTIC ACID, ALCOHOL DENAT, BUTYLENE GLYCOL, PARFUM, LAURETH-21, 1, 2-HEXANEDIOL, SODIUM CITRATE, PANTHENOL, ZINC PHENOLSULFONATE, TREMELLA FUCIFORMIS EXTRACT, PORTULACA OLERACEA EXTRACT, ANHYDROXYLITOL, GLYCERIN, CAPRYLHYDROXAMIC ACID, CHRYSANTHELLUM INDICUM EXTRACT, CAPRYLOYL GLYCINE, PELARGONIUM GRAVEOLENS FLOWER/LEAF/STEM EXTRACT, CITRIC ACID, MENTHA ARVENSIS LEAF EXTRACT, ALOE BARBADENSIS EXTRACT, CENTELLA ASIATICA EXTRACT, XYLITOL, POLYQUATERNIUM-51, SOPHORA ANGUSTIFOLIA ROOT EXTRACT, HYDROXYACETOPHENONE;4.8;Essence;Treatment;menenangkan kulit
Heartleaf Essence Calming Pump;ABIB;Rp228.000;Water, 1,2 hexanediol, Houttuynia Cordata Extract, Glycerin, Methylpropanediol, Chondrus Crispus Extract, Saccharum Officinarum Extract, Dipropylene Glycol, Glycereth-26, Hydroxyethyl Urea, Butylene Glycol, Wintergreen Leaf Extract, Mentha Aquatica Extract, Panthenol, Ammonium Acryloyldimethyltaurate/VP Copolymer, Acrylates/C10-30 Alkyl Acrylate Crosspolymer, Tromethamine, Caprylyl Glycol, Succinic Acid, Xanthan Gum, Sodium Hyaluronate;4.6;Essence;Treatment;menyejukkan kulit yang teriritasi ringan. mengangkat sel kulit mati dan mencegah sebum berlebih agar kulit tampak lebih cerah merona. memberikan kelembapan yang mendalam ke kulit.
Hydrabio Essence Lotion - Hydrating Essence Toner;BIODERMA;Rp241.500;AQUA/WATER/EAU, METHYLPROPANEDIOL, NIACINAMIDE, PPG-26-BUTETH-26, PEG-40 HYDROGENATED CASTOR OIL, SODIUM PCA, HYDROXYETHYLCELLULOSE, DISODIUM EDTA, SALICYLIC ACID, MANNITOL, SODIUM CITRATE, TOCOPHERYL ACETATE, XYLITOL, HEXYLDECANOL, CETRIMONIUM BROMIDE, BENZOTRIAZOLYL DODECYL P-CRESOL, RHAMNOSE, SODIUM HYDROXIDE, PYRUS MALUS (APPLE) SEED EXTRACT, BRASSICA CAMPESTRIS (RAPESEED) STEROLS, TOCOPHEROL, FRAGRANCE (PARFUM).;5;Essence;Treatment;melembabkan, meningkatkan hidrasi dan membuat kulit lebih cerah untuk semua jenis kulit yang mengalami dehidrasi.  Menghidrasi secara instan, Menghaluskan kulit, Mencerahkan kulit, Memberikan sensasi kesegaran dan kenyamanan
Perfect Hydrating Treatment Essence;AVOSKIN;Rp160.550;Aqua, Alcohol, Ethyl Ascorbic Acid, Propylene Glycol, Glycerin, Fragrance, Chamomile (Anthemis Nobilis) Extract, Carrot (Carota Sativa) Oil, Rosa Canina (Rosehip) Oil, Carbomer, Triethanolamine, Mineral Oil;5;Essence;Treatment;menjaga kesegaran dan kelembaban kulit.  membuat kulit terasa lebih lembut dan kenyal, cerah alami, dengan pori-pori wajah yang semakin mengecil 
Hyaluronic Acid Hydra Power Essence;COSRX;Rp194.350;Sodium Hyaluronate 4,000ppm water, Butylene Glycol, Glycerin, 1,2-Hexanediol, Sodium Hyaluronate, Panthenol, Ethyl Hexanediol;4.3;Essence;Treatment;menghidrasi dan melembutkan kulit. menghidrasi alami dengan kemurnian tinggi, membuat kulit lebih lembut dan lembab. memberikan hidrasi tahan lama pada kulit dengan mempertahankan kelembapan pada kulit. Menciptakan tampilan kulit yang kenyal dan awet muda, membantu mengurangi munculnya kerutan halus dengan melembapkan kulit secara mendalam
Natura Pal Toner Essence;EMINA;Rp48.000;Aqua, Niacinamide, Dipropylene Glycol, Glycereth-26, Methyl Gluceth-20, Glycerin, Phenoxyethanol, Allantoin, Chlorphenesin, Xanthan Gum, Disodium EDTA, Sodium Hyaluronate, Aminomethyl Propanol, Cyclodextrin, Pisum Sativum (Pea) Extract, Trideceth-9, Fragrance, PEG-40 Hydrogenated Castor Oil, Polysorbate 20;4.5;Essence;Treatment;menyegarkan dan mudah meresap ke kulit sehingga kulitmu terhidrasi seketika, Membuat kulit tampak sehat, glowing, dan kenyal. Menyegarkan dan menghidrasi kulit seketika
Black Tea Treatment Essence;INNISFREE;Rp315.000;WATER / AQUA / EAU, PROPANEDIOL, GLYCERIN, NIACINAMIDE, 1,2-HEXANEDIOL, CAMELLIA SINENSIS LEAF EXTRACT (BLACK TEA), ETHYLHEXYLGLYCERIN, ADENOSINE, DEXTRIN, ECTOIN, HYALURONIC ACID, 3-O-ETHYL ASCORBIC ACID, GLUTATHIONE, MANNITOL, SACCHAROMYCES CEREVISIAE EXTRACT, BUTYLENE GLYCOL, CENTELLA ASIATICA FLOWER/LEAF/STEM EXTRACT, GLYCINE MAX (SOYBEAN) POLYPEPTIDE, ARGININE/LYSINE POLYPEPTIDE, COPPER TRIPEPTIDE-1, DISODIUM EDTA, ACETYL TETRAPEPTIDE-11, CAPRYLYL GLYCOL, ACETYL HEPTAPEPTIDE-4, SORBIC ACID, HEXAPEPTIDE-9, ACETYL HEXAPEPTIDE-8, SODIUM HYDROXIDE, ACETYL OCTAPEPTIDE-3;4;Essence;Treatment;anti penuaan, membantu meningkatkan pergantian sel kulit yang sehat dan menghaluskan tekstur kasar. antioksidan dan pencerah
Facial Treatment Essence;SK-II;Rp 1.280.000;Saccharomycopsis Ferment Filtrate, Butylene Glycol, Pentylene Glycol, Aqua (Water/ Eau), Sodium Benzoate, Methylparaben, Sorbic Acid;4.5;Essence;Treatment;melembabkan, meregenerasi kulit, menghasilkan kulit yang sehat, meningkatkan regenerasi tekstur kulit sehingga kulit tampak lebih cerah
Snail Mucin 95 + Peptide Facial Essence;JUMISO;Rp225.000;Snail Secretion Filtrate, Multi-Peptide Complex, Adenosine, Allantoin, Panthenol;4.8;Essence;Treatment;menyegarkan dan mudah meresap ke kulit sehingga kulitmu terhidrasi seketika, Membuat kulit tampak sehat, glowing, dan kenyal. Menyegarkan dan menghidrasi kulit seketika
ISOI Acni Dr. 1st Control Serum;ISOI;Rp619.650;Betaine, Arginine, Scutellaria Baicalensis Root Extract, Macadamia Seed Oil, Willow Bark Extract, Origanum Vulgare Leaf Extract, Houttuynia Cordata Extract, Rose Flower Water, Rose Flower Oil Centella Asiatica Extract, dan Licorice, Panthenol, Allantoin, Sodium Hyaluronate;5;Essence;Treatment;merawat kelembapan kulit berminyak sehingga kulit tetap lembap, ternutrisi tanpa rasa lengket dan tampak kilap/berminyak. Kulit terasa lembut, halus, dan nyaman.
Dive-In Low Molecular Hyaluronic Acid Multi Pad;TORRIDEN;Rp552.000;Water, Butylene Glycol, Glycerin, Dipropylene Glycol, 1,2-Hexanediol, Propanediol, Allantoin, Sodium Hyaluronate (100ppm), Sodium Hyaluronate Crosspolymer, Hydrolyzed Sodium Hyaluronate, Hyaluronic Acid, Hydrolyzed Hyaluronic Acid, Panthenol, Aloe Ferox Leaf Extract, Salix Alba (Willow) Bark Extract, Melaleuca Alternifolia (Tea Tree) Extract, Betaine, Ceramide NP, Hamamelis Virginiana (Witch Hazel) Water, Pyrus Malus (Apple) Fruit Water, Althaea Rosea Flower Extract, Gluconolactone, Sodium Citrate, Caprylyl Glycol, Polyglyceryl-10 Laurate, Hydrogenated Lecithin, Sodium Carboxymethyl Beta-Glucan, Benzyl Glycol, Hydrolyzed Glycosaminoglycans, Pentylene Glycol, Octanediol, Polyglutamic Acid, Melia Azadirachta Leaf Extract, Melia Azadirachta Flower Extract, Coccinia Indica Fruit Extract, Solanum Melongena (Eggplant) Fruit Extract, Aloe Barbadensis Flower Extract, Ocimum Sanctum Leaf Extract, Curcuma Longa (Turmeric) Root Extract, Corallina Officinalis Extract, Caffeine, Glyceryl Acrylate/Acrylic Acid Copolymer, PVM/MA Copolymer, Dipotassium Glycyrrhizate, Citric Acid, Disodium EDTA, Ethylhexylglycerin, Malachite Extract, Scutellaria Baicalensis Root Extract, Paeonia Suffruticosa Root Extract;5;Essence;Treatment;memberikan hidrasi tahan lama, membantu menghaluskan tekstur kulit, memberikan sensasi dingin yang menyegarkan, serta mengeksfoliasi dengan lembut, meningkatkan kelembapan dan menjaga kulit tetap terhidrasi, sekaligus mengurangi kekeringan
Hydrating Face Essence;WHITELAB;Rp58.610;Prebiotik, Galactomyces Ferment Filtrate, Hyaluronate;4.3;Essence;Treatment;Memberi kelembaban ekstra, Mencerahkan kulit, Merawat kehalusan kulit, Merawat kekencangan & elastisitas kulit, Membantu memperbaiki tekstur kulit, Menenangkan kulit yang iritasi
Cosvie Woman Hygiene Treatment Essence;LACOCO;Rp256.500;Water, Glycerin, Polyquaternium-73, Orbignya Oleifera Seed Oil, Phenoxyethanol, Butylene Glycol, Dicaprylyl Ether, Aloe Barbadensis Leaf Juice, Propylene Glycol, Quercus Invectoria (Gall) Extract, Polyglyceryl-10 Dilaurate, Lactic Acid, Ethylhexylglycerin, Prunus Serrulata Flower Extract, Fragrance;4.3;Essence;Treatment;menjaga kebersihan dan kesehatan daerah kewanitaan dengan menyeimbangkan pH, mempertahankan bakteri baik, serta mengatasi keputihan dan rasa gatal. membantu mengencangkan dinding otot daerah kewanitaan, mencegah pertumbuhan jamur, menghilangkan bau tak sedap, serta memberikan efek menenangkan dan merangsang produksi kolagen. mencerahkan kulit di sekitar area kewanitaan
Gokujyun Ultimate Moisturizing Light Lotion;HADA LABO;Rp53.000;Aqua (Water), Dipropylene Glycol, Glycerin, Disodium Succinate, Succinic Acid, PPG-20 Methyl Glucose Ether, Hydrolyzed Hyaluronic Acid, Sodium Acetylated Hyaluronate (AcHA);4.5;Essence;Treatment;Mengunci kelembapan di dalam kulit untuk hidrasi yang lebih baik. Kulit terasa lebih halus, lembut, dan elastis.
Rosemary Activating Regrowth Essence;DANCOLY;Rp173.130;Aqua (Water), Rosmarinus Officinalis (Rosemary) Leaf Oil, Zingiber Officinale (Ginger) Root Extract, Vitis Vinifera (Grape) Seed Oil, Salvia Officinalis (Sage) Oil;4;Essence;Treatment;Membantu merekonstruksi sel-sel pada rambut dan memelihara akar untuk mengurangi rambut rontok, serta menumbuhkan rambut. Rambut akan menjadi lebat, sehat, dan kuat.
Renew You Toner Essence;WARDAH;Rp166.000;Bakuchiol, 2% Peptide Solution, 1% Beta Glucan, Vegan Squalane, Aqua, Methyl Gluceth-20, Dipropylene Glycol, Glycerin, Phenoxyethanol, Butylene Glycol, Sodium PCA, Chlorphenesin, Allantoin, Glycereth-26, Disodium EDTA, Sodium Hyaluronate, Lecithin, Adenosine, Caprylyl Glycol, Malus Domestica Fruit Cell Culture Extract, Carbomer, Polysorbate 20, Acetyl Hexapeptide-8, Xanthan Gum, Palmitoyl Oligopeptide, Palmitoyl Tetrapeptide-7;5;Essence;Treatment;memberikan hidrasi optimal, membuat kulit terasa lebih halus dan lembut, menyamarkan serta memperbaiki tanda-tanda penuaan dini seperti kerutan, garis halus, kulit kering, noda hitam, warna kulit tidak merata, dan elastisitas yang berkurang. membantu mengencangkan kulit, menjaga elastisitas, serta memberikan efek lifting. membantu meningkatkan penyerapan produk skincare selanjutnya agar lebih efektif. 
Dark Spot Essence;LACOCO;Rp170.100;Water, Propylene Glycol, Glycolic Acid , Niacinamide, Glycerin, Gluconolactone, Tranexamic Acid, Salicylic Acid, Xanthan gum, Morus Alba Fruit (Mulberry) Extract, Daucus Carota Sativa (Carrot) Root Extract, Butylene Glycol, Sodium Hydroxymethylglycinate, Aloe Barbadensis Leaf Extract, Glycyrrhiza Uralensis (Licorice) Root Extract, Tetrasodium EDTA, 1,2-Hexanediol.;5;Essence;Treatment;membantu menjaga kulit tetap sehat, dan mengurangi tampilan flek hitam. untuk melembapkan kulit.
Phytocell Skin Treatment Essence;TERATU BEAUTY;Rp148.720;Aqua, Propylene Glycol, Niacinamide, Pentylene Glycol, Butylene Glycol, Glycerin, Centella Asiatica Extract, Licorice (Glycyrrhiza Glabra) Extract, Galactomyces Ferment Filtrate, Propanediol, Ceramide NP, PEG-7 Glyceryl Cocoate, Hyaluronic acid, Ethylhexylglycerin, Aloe Barbadensis Leaf Extract, Phenoxyethanol, Tranexamic Acid, Allantoin, Collagen, Malus Domestica Fruit Cell Culture Extract, Lecithin, Xanthan gum, Disodium EDTA, Hydroxyethylcellulose, 1,2-Hexanediol, Caprylyl Glycol.;5;Essence;Treatment;membantu merawat peremajaan kulit agar terlihat lebih sehat dan segar. mempercepat regenerasi alami kulit dan memperbaiki skin barrier, menenangkan kulit, serta  membantu mencerahkan kulit wajah.
Beauty Rose Essence C;INDOGANIC;Rp86.000;Aqua, Rosa Damascena Flower Water, Propanediol, Niacinamide, Betain, Inositol, Ascorbyl Glucoside, Gluconolactone, Sodium Bicarbonate, Butylene Glycol, Disodium Phosphate, Sodium PCA, Glycerin, Sodium Benzoate, Sodium Hyaluronate, Trisodium Ethylenediamine Disuccinate, Citric Acid, Potassium Sorbate, Dipotassium Glycyrrhizate, Calendula Officinalis Flower Extract, Opuntia Ficus-Indica Stem Extract, Polyglyceryl-6 Caprylate, Polyglyceryl-4 Caprate, Viola Mandshurica Flower Extract, Glycyrrhiza Uralensis (Licorice) Root Extract, Camellia Sinensis Leaf Extract, Centella Asiatica Extract, Polygonum Cuspidatum Root Extract, Scutellaria Baicalensis Root Extract, Sorbic Acid. Ecocert Certified;4.6;Essence;Treatment;mencerahkan dan melembabkan. membantu menutrisi, melembabkan dan meratakan warna kulit. membantu memudarkan noda hitam dan hiperpigmentasi dan juga membantu merawat kulit berjerawat. menenangkan kulit yang sedang iritasi.
Fermentation Essence;BENTON;Rp210.000;Galactomyces Ferment Filtrate, Aqua (Water), Butylene Glycol, Pentylene Glycol, Glycerin, 1,2-Hexanediol, Bifida Ferment Lysate, Ceramide NP, Althaea Rosea Root Extract, Aloe Barbadensis Leaf Extract, Betaine, Panthenol, Allantoin, Sodium Hyaluronate, sh-Oligopeptide-1, Zanthoxylum Piperitum Fruit Extract, Pulsatilla Koreana Extract, Usnea Barbata (Lichen) Extract, Adenosine, Arginine, Xanthan Gum, Hydrogenated Lecithin, Polysorbate 20, Lecithin;4.5;Essence;Treatment;menjaga elastisitas kulit, Menyuplai nutrisi dan kelembapan kulit, menyamarkan kerutan, perawatan pori-pori dan melindungi kulit.
Sunshine Essence;HAPLE;Rp129.000;Aqua, Butylene Glycol, Sodium PCA, Rubus Idaeus (Raspberry) Fruit Extract, Chamomilla Recutita (Matricaria) Flower Extract, Sorbitol, Phenoxyethanol, Lactobacillus, Tetrahydrodiferuloylmethane, Panthenol, Hydroxypropyl Methylcellulose, Sodium Hyaluronate, Vanilla Planifolia (Vanilla) Oil, Tetrasodium EDTA.;4;Essence;Treatment;Mencerahkan, Meringankan tampilan bekas jerawat, Merawat kulit berjerawat, Melembabkan, Menghidrasi, Merawat kulit yang memiliki hiperpigmentasi, flek, noda hitam, dan inflamasi
Advanced Snail Mucin 96 Power Essence;COSRX;Rp202.300;Snail Secretion Filtrate, Betaine, Butylene Glycol, 1,2-Hexanediol, Sodium Polyacrylate, Phenoxyethanol, Sodium Hyaluronate, Allantoin, Ethyl Hexanediol, Carbomer, Panthenol, Arginine;4.6;Essence;Treatment;menutrisi dan membuat kulit lebih kenyal. memberikan kulit bercahaya alami dari dalam. menjaga kulit Anda tetap lembap dan bercahaya sepanjang hari.
Age Miracle Hya-Retinol Ultimate Glow Essence with Vit. C & Niacinamide;POND'S;Rp100.000;Vitamin C, Niacinamide, dan Hexyresorcinol;4.5;Essence;Treatment;mencerahkan kulit kusam, memudarkan flek hitam, dan mempercepat regenerasi kulit. Sehingga kulit tampak lebih sehat, cerah, dan lebih muda.
Acids Essence;FOCALSKIN;Rp105.600;AQUA, DIPROPYLENE GLYCOL, ROSMARINUS OFFICINALIS LEAF WATER, BUTYLENE GLYCOL, NIACINAMIDE, 1,2-HEXANEDIOL, POLYACRYLATE CROSSPOLYMER-6, GLUCONOLACTONE, PHENOXYETHANOL, LACTIC ACID, HAMAMELIS VIRGINIANA EXTRACT, CHLORPHENESIN, YEAST EXTRACT, AESCULUS HIPPOCASTANUM SEED EXTRACT, PEG-40 HYDROGENATED CASTOR OIL, GENTIANA SCABRA ROOT EXTRACT, SALICYLIC ACID, DEXTRIN, AMMONIUM GLYCYR-RHIZATE, SESAME AMINO ACIDS, AMINOMETH-YL PROPANOL, HYDROXYACETOPHENONE, ZINC GLUCONATE, PANTHENOL, PROPYLENE GLYCOL, SODIUM CITRATE, CAFFEINE, CITRUS AURANTIUM DULCIS PEEL OIL, FRAGRANCE, SCUTELLARIA BAICALENSIS ROOT EXTRACT, GLYCYRRHIZA INFLATA ROOT EXTRACT, SOPHO-RA FLAVESCENS ROOT EXTRACT, CITRIC ACID, CAPRYLHYDROXAMIC ACID, BIOTIN, ENANTIA CHLORANTHA BARK EXTRACT, DISODIUM EDTA, HYDROLYZED OPUNTIA FICUS-INDICA FLOWER EXTRACT, ETHYLHEXYLGLYCERIN, OLEANOLIC ACID;5;Essence;Treatment;Mengontrol minyak berlebih pada wajah, Meningkatkan fungsi skin barrier serta kemampuan kulit sendiri
White Expert Ultimate Essence;SAFI;Rp76.900;Aqua, Glycerin, Betaine, Cyclopentasiloxane, Cyclohexasiloxane, Caprylic/Capric Triglyceride, Dicaprylyl Carbonate, C12-20 Alkyl Glucoside, Hydroxyethyl Acrylate/Sodium Acryloyldimethyl Taurate Copolymer, Polyglyceryl-3 Methylglucose Distearate, Isononyl Isononanoate, Ethylhexylglycerin, Lecithin, Hexanoyl Dipeptide-3 Norleucine Acetate, Methyl Methacrylate Crosspolymer, Bisabolol, Zingiber Officinale Root Extract, Disodium EDTA, 4-butylresorcinol, Carbomer, Octadecyl Di-t-butyl-4-hydroxyhydrocinnamate, Xanthan Gum, Sodium Hydroxide, Nigella Sativa Seed Oil, Perfluorodecalin, Fragrance, Phenoxyethanol.;4;Essence;Treatment;membantu kulit tampak lebih cerah, membantu memudarkan pigmentasi pada kulit wajah, membantu menyamaratakan penampakan kulit wajah, membantu melembabkan dan mencerahkan wajah.
Kombucha Black Tea The First Essence;NATURE REPUBLIC;Rp294.000;Black Tea Extract, Yeast Fermentation Filtrate, Glycerin, Methyl Propanediol, Pentylene Glycol, Centella Asiatica Extract, Fig Extract, Cacao Seed Extract, Galanga Galangal Extract, Bergamot Oil, Sodium Hyaluronate, Orange Peel Oil, Grapefruit Bark Oil, Hydrogenated Lecithin, Sucrose, Octyldodeceth-16, Purified Water, Sodium Acrylic Acid/MA Copolymer, Hydroxyethyl Cellulose, Butylene Glycol, Adenosine, Disodium EDTA, Glyceryl Polymethacrylate , Dextrin, Sodium Polyacrylate, PVM/MA Copolymer, Ceramide NP, Disodium Phosphate, Sodium Phosphate, Xanthan Gum, Caprylic/Capric Triglyceride, 1,2-Hexanediol, Polysorbate 60, Ethylhexylglycerin, Caprylyl Glycol, Limonene, Linalool;4.8;Essence;Treatment;membantu mempersiapkan kulit agar perawatan yang digunakan selanjutnya mampu menyerap dengan baik. melindungi kulit dari kerusakan akibat radikal, mencegah tanda penuaan dini, membantu meningkatkan elastisitas dan kepadatan kulit sehingga kekencangannya tetap terjaga, untuk kulit tampak muda dan bercahaya.
Ferulic Acid Skin Essence;THE AUBREE;Rp138.750;Aqua, Propylene Glycol, Glycerine, Galactomyces Ferment Filtrate, Butylene Glycol, Niacinamide, Phenoxyethanol, Biosaccharide Gum-1, Acrylates/C10-C30 Alkyl Acrylate Crosspolymer, Ferulic Acid, CI 19140, PEG-40 Hydrogenated Castor Oil, Polysorbate-20, Chlorphenesin, Disodium EDTA, Sodium Hydroxide, Triethylene Glycol, Carbomer, CI 16255, Hydrolyzed Hyaluronic Acid, Hydrolyzed Royal Jelly Protein.;5;Essence;Treatment;membantu melembapkan, menutrisi, dan mencerahkan wajah
White Radiance Light Perfecting Essence;OLAY;Rp261.500;Water , Hexyldecanol, Niacinamide, Pentylene Glycol, Butylene Glycol, Inositol, Nylon-12, Panthenol, Phytosteryl/Octyldodecyl Lauroyl Glutamate, Boron Nitride, Polysorbate 20, Tocopheryl Acetate, Dimethicone/Vinyl Dimethicone Crosspolymer, Acrylates/C10-30 Alkyl Acrylate Crosspolymer, PEG-11 Methyl Ether Dimethicone, Phenoxyethanol, Polyacrylamide, Benzyl Alcohol, Undecylenoyl Phenylalanine, Aminomethyl Propanol, C13-14 Isoparaffin, Disodium EDTA, Sodium Benzoate, Xanthan Gum, Laureth-7,Ascorbyl Glucoside, Fragrance;4.5;Essence;Treatment;memutihkan wajah anda dan memberikan kesegaran sempurna pada wajah anda. meremajakan lapisan permukaan kulit, mengurangi garis dan kerutan di wajah dengan pelembab, mengelupas sel kulit mati agar kulit lebih halus, meningkatkan hidrasi sehingga kulit terasa lebih kenyal dan kencang.
5% Bakuchiol Essence;LACOCO;Rp224.100;Aqua, Psoralea corylifolia (bakuchiol) seed extract, Glycerin, Butylence glycol, Nicotinamide, BIS-RTHOXYDIGLYCOL CYCLOHEXANE 1 4-DICARBOXYLATE, Phenoxyethanol, Xanthan Gum, Zinc, Salicylic Acid, Amylopectin, Dextrin, Hydrolized Hyaluronic Acid, Xanthan Gum, 1,2-Hexanediol, Forsythia Suspensa, Fruit Extract, Ethylhexylglycerin, Tetrasodium EDTA;5;Essence;Treatment;mencegah tanda penuaan dan memperindah tampilan kulit wajah secara keseluruhan. mengurangi garis halus, keriput, hiperpigmentasi, meningkatkan elastisitas dan kekencangan kulit tanpa menimbulkan iritasi pada wajah. meratakan dan mencerahkan warna kulit, serta mengurangi tampilan kulit kusam.
Plump It Up Bi-Phase Milky Facial Treatment Essence;SASC;Rp201.960;Bakuchiol, Tropical Fruit Blens, Polyglutamic Acid, Calendula Flower Extract, Radish Root Ferment Extract, Bisabolol and Vegan Squalane;5;Essence;Treatment;menghidrasi, menyejukkan, mengencangkan, dan mencerahkan. menutrisi kulit untuk kulit bercahaya yang sehat. - Meningkatkan elastisitas kulit - Membantu meningkatkan kolagen dan menghaluskan kerutan - Memperkuat penghalang kulit - Meremajakan kulit
Mugwort Essence;I'M FROM;Rp126.650;Artemisia Princeps Extract;5;Essence;Treatment;menenangkan kulit bermasalah, merawat kulit berjerawat, iritasi, dan sensitif.
[NEW] KOSE Sekkisei Clear Treatment Essence;KOSE;Rp345.220;Melothria Extract, Angelica Extract, Coix Seed Extract.;4.9;Essence;Treatment;mengangkat sel-sel kulit mati penyebab wajah kusam dengan lembut, menciptakan kulit yang halus dan bercahaya. Mengurangi proses pigmentasi agar wajah tidak kusam, bersih dan segar. Mengecilkan pori-pori agar kulit tampak lebih cerah dan halus. meningkatkan penyerapan produk skincare yang diaplikasikan ke kulit.
Phyto Power Essence;BIO BEAUTY LAB;Rp 120.000 - Rp 224.000;Phytoliquid ginseng, Galactomyces, Centella asiaticac extract, niacinamide, camellia leaf extract, cotton seed Extract, Yeast ferment extract, Garlic bulb Extract, Allantion.;5;Essence;Treatment;melembapkan wajah, mencerahkan, menenangkan kulit serta memberi energi kesegaran pada kulit.
Bio Gold Gold Water;BIO-ESSENCE;Rp116.500;Water, Glyceryl Polyacrylate, Butylene Glycol, Glycerin, Niacinamide, Euglena Gracilis Extract, Candida Bombicola/?Glucose/?Methyl Rapeseedate Ferment, Pentylene Glycol, Fructose, Urea, Citric Acid, Sodium Hydroxide, Maltose, Sodium PCA, Sodium Chloride, Sodium Lactate, Trehalose, Allantoin, Glucose, Tocopherol, Glycyrrhiza Glabra (Licorice) Root Extract, Hamamelis Virginiana (Witch Hazel) Bark/?Leaf/?Twig Extract, Dextran, Caprooyl Tetrapeptide-3, Codium Tomentosum Extract, Ecklonia Cava Extract, Gelidium Cartilagineum Extract, Hizikia Fusiforme Extract, Sodium Hyaluronate, Sodium Carbomer, Fragrance, C12-15 Pareth-12, Sodium Oxide, Calcium Oxide, Magnesium Oxide, Phenoxyethanol, Chlorphenesin, Ci 19140, Colloidal Gold;4.4;Essence;Treatment;melindungi kulit dari paparan radikal bebas. Meningkatkan tampilan tekstur kulit dengan cara menyamarkan garis-garis halus dan memelihara keremajaan kulit. Memelihara warna cerah alami kulit. Merawat elastisitas kulit. Membantu meringkas pori agar kulit tampak halus dan lembut. Menjaga kelembapan kulit dan keseimbangan sebum di wajah, membuat kulit lembab dan tidak terasa berminyak secara merata.
Heartleaf Sun Essence Calming Drop;ABIB;Rp234.000;Water, Dibutyl Adipate, Alkohol, Houttuynia Cordata Ekstrak, 1,2-Hexanediol, Caprylyl Methicone, Methylene Bis-Benzotriazolyl Tetramethylbutylphenol, Decyl Glucoside, Gliserin, xanthan Gum, Diethylamino Hydroxybenzoyl Hexyl Benzoat, Phenethyl Benzoat, Polymethylsilsesquioxane, Polysilicone -15, Bis-Ethylhexyloxyphenol Methoxyphenyl Triazine, Hexyl Laurate, Polyglyceryl -6 Stearat, Polyglyceryl-6 Behenate, Ethylhexyl Triazone, Niacinamide, C20-22 Alkil Fosfat, C20-22 Alkohol, diethylhexyl Butamido Triazone, Pentylene Glikol, Panthenol, Ethylhexyl Olivate, Sodium Acrylates Copolymer, Polyglyceryl-4 Oleate, hydroxyacetophenone, Tromethamine, Dipotassium Glycyrrhizate, Adenosin, Sodium Phytate, Maltodextrin, Aspergillus Berfermentasi, Ekstrak biji Triticum Aestivum (Gandum), Lipase, Protease;4.8;Essence;Treatment;merawat kulit sekaligus memberikan perlindungan terhadap paparan sinar matahari. membantu menyejukkan kulit yang teriritasi ringan. 
Radian-C Double Active Brightening Essence;LANEIGE;Rp608.000;WATER / AQUA / EAU, BUTYLENE GLYCOL, GLYCERIN, 1,2-HEXANEDIOL, NIACINAMIDE, DIBUTYL ADIPATE, HYDROGENATED LECITHIN, CAPRYLIC/CAPRIC TRIGLYCERIDE, CARTHAMUS TINCTORIUS (SAFFLOWER) FLOWER EXTRACT, DEXTRIN, LIMONENE, AMMONIUM ACRYLOYLDIMETHYLTAURATE/VP COPOLYMER, XANTHAN GUM, CHO- LESTEROL, THYMOL TRIMETHOXYCINNAMATE, SODIUM METHYL STEAROYL TAURATE, FRAGRANCE / PARFUM, ETHYLHEXYLGLYCERIN, ADENOSINE, 3-O-ETHYL ASCORBIC ACID, CYANOCOBALAMIN, LINA- LOOL, CITRAL, GERANIOL, PROPANEDIOL, TOCOPHEROL, GLYCYRRHIZA URALENSIS (LICORICE) ROOT EXTRACT, DISODIUM EDTA, WATER / AQUA / EAU, BUTYLENE GLYCOL, METHYLPROPANEDIOL, GLYCERIN, NIACINAMIDE, 1,2-HEXANEDIOL, DIPROPYLENE GLYCOL, GLYCERYL POLYMETHACRYLATE, CARNOSINE, XANTHAN GUM, PROPANEDIOL, ACRYLATES/C10-30 ALKYL ACRYLATE CROSSPOLYMER, 3-O-ETHYL ASCORBIC ACID, TROMETHAMINE, ETHYLHEXYLGLYCERIN, DISODIUM EDTA, ADENOSINE, DIPOTASSIUM GLYCYRRHIZATE, HYDROLYZED COLLAGEN, TREMELLA FUCIFORMIS (MUSHROOM) EXTRACT, CENTELLA ASIATICA FLOWER/LEAF/STEM EXTRACT, SODIUM HYALURONATE, LACTOBACILLUS/SOYBEAN FERMENT EXTRACT, YEAST FERMENT EXTRACT, HYDROLYZED HYALURONIC ACID, SODIUM HYALURONATE CROSSPOLYMER, HYALURONIC ACID, SODIUM ACETYLATED HYALURONATE;4.8;Essence;Treatment;mencerahkan, membantu menyamarkan bintik-bintik gelap, masalah kulit kekuningan, meningkatkan elastisitas kulit, merawat keremajaan kulit
Acne-care Essence;FOCALSKIN;Rp94.900;ALCOHOL DENAT, AQUA, ZINC OXIDE, COLLOIDAL SULFUR, NIACINAMIDE, SALICYLIC ACID, BUTYLENE GLYCOL, ZINC PCA, DIPOTASSIUM GLYCYRRHIZATE, PHENOXYETHANOL, HYDROXYPROPYL CYCLODEXTRIN, LITHIUM MAGNESIUM SILICATE, GENTIANA SCABRA ROOT EXTRACT, CENTELLA ASIATICA EXTRACT, MENTHOL, BORNEOL, DENATONIUM BENZOATE;5;Essence;Treatment;Mempercepat pengeringan pada jerawat Mengurangi kerusakan pada kulit Mengurangi penumbuhan jerawat secara berulang Memperbaiki dan menenangkan kemerahan pada jerawat Memudarkan bekas jerawat
Bio White Advanced Whitening Refiner;BIO-ESSENCE;Rp187.000;Tanaka Tree Bark Extract, Camellia Extract, Arbutin, Tranexamic Acid;4.4;Essence;Treatment;membantu membersihkan dan melembutkan kulit agar penyerapan produk perawatan kulit berikutnya menjadi lebih baik. membantu menutrisi dan memelihara kelembaban sehingga kulit terasa lebih segar dan tampak bercahaya serta membantu merawat tekstur kulit agar tampak lebih halus.
Bio Gold Rose Gold Water;BIO-ESSENCE;Rp164.900;Water, Glyceryl Polyacrylate, Niacinamide, Palmitoyl Tripeptide-5, Butylene Glycol, Glycerin, Sodium Hyaluronate, Euglena Gracilis Extract, Tocopherol, PEG-7 Glyceryl Cocoate, Ceramide 3, Dextran, Caprooyl Tetrapeptide-3, Rosa Multiflora Fruit Extract, Candida Bombicola/ Glucose/ Methyl Rapeseedate Ferment, Pentylene Glycol, Fructose, Urea, Citric Acid, Sodium Hydroxide, Maltose, Sodium PCA, Sodium Chloride, Sodium Lactate, Trehalose, Allantoin, Glucose, Codium Tomentosum Extract, Ecklonia Cava Extract, Gelidium Cartilagineum Extract, Hizikia Fusiforme Extract, Glycyrrhiza Glabra (Licorice) Root Extract, Hamamelis Virginiana (Witch Hazel) Bark/ Leaf/ Twig Extract, Sodium Carbomer, PPG-26-Buteth-26, PEG-40 Hydrogenated Castor Oil, Fragrance, Sodium Oxide, Calcium Oxide, Magnesium Oxide, Phenoxyethanol, Chlorphenesin, Colloidal Gold.;4.8;Essence;Treatment;melindungi kulit dari paparan radikal bebas sehingga membantu menyamarkan penampakan tanda-tanda awal penuaan kulit serta membantu meringkas pori. Kulit nampak lebih lembut dan lebih muda berseri. menyamarkan penampakkan garis-garis halus, dan menghidrasi. Mengembalikan dan mengunci kelembapan alami kulit agar tetap lembab, elastis dan tampak muda berseri. Membantu meringkas pori dan menjaga kelembapan kulit di wajah sehingga kulit tampak halus dan lembut.
Snail Bee High Content Essence;BENTON;Rp176.000;Aqua (Water), Snail Secretion Filtrate, Butylene Glycol, Glycerin, Niacinamide, 1,2-Hexanediol, Aloe Barbadensis Leaf Juice, sh-Oligopeptide-1, Bee Venom, Plantago Asiatica Extract, Laminaria Digitata Extract, Diospyros Kaki Leaf Extract, Salix Alba (Willow) Bark Extract, Ulmus Campestris (Elm) Bark Extract, Althaea Rosea Root Extract, Aloe Barbadensis Leaf Extract, Beta-Glucan, Betaine, Acrylates/C10-30 Alkyl Acrylate Crosspolymer, Adenosine, Panthenol, Allantoin, Pentylene Glycol, Zanthoxylum Piperitum Fruit Extract, Pulsatilla Koreana Extract, Usnea Barbata (Lichen) Extract, Polysorbate 20, Lecithin, Arginine;5;Essence;Treatment;regenerasi sel, melembabkan, merawat elastisitas kulit, dan mengurangi radang. mencerahkan dan meratakan warna kulit, serta membantu untuk menyamarkan noda hitam pada kulit. membantu menyamarkan tanda penuaan dan menyamarkan gari-garis halus pada wajah.
Brightening Essence;VOTRE PEAU;Rp166.830;Water, Butylene Glycol, DMDM Hyndantoin, Chlorphenesin, Hyaluronic Acid, Sodium PCA, Niacinamide, Glycerin, Tetrasodium EDTA, Leuconostoc/Rice Ferment Filtrate Extract, Phenoxyethanol, Glycyrrhiza Glabra Root Extract, Iodopropynyl Butlycarbamate, Aloe Barbandesis Extract, Sodium Benxoate, Potassium Sorbate;4.8;Essence;Treatment;memberikan nutrisi pada kulit. menjaga kelembapan kulit. mencerahkan kulit yang kusam. mengurangi flek hitam, warna kulit yang tidak merata dan mencerahkan kulit.
YOU Golden Age 2 in 1 Essence;YOU BEAUTY;Rp97.920;Water, Propylene Glycol, Butylene Glycol, Betaine, Hydroxyethyl Urea, Niacinamide, Erythritol, Allantoin, Panthenol, Glycerin, Calendula Officinalis Flower Extract, Punica Granatum Fruit Extract, Tremella Fuciformis Sporocarp Extract, Sodium Lactate, Phenoxyethanol, Methylparaben, PEG-40 Hydrogenated Castor Oil, Disodium EDTA, Lactic Acid, Potassium Sorbate, Sodium Benzoate, Parfum;4.5;Essence;Treatment;Mencegah tanda-tanda penuaan, memperbaiki kondisi kulit akibat penuaan, menyamarkan pori-pori dan garis halus, meratakan warna kulit, memperbaiki tekstur kulit, mengurangi garis halus dan kerutan, mengatasi kemerahan pada kulit, melindungi dari radikal bebas, dan menjaga kulit tetap segar serta sehat.
Biome Radiating Intensified Essence;AXIS-Y;Rp219.000;Bifida Ferment Lysate, Polyglycerin-3, Methylpropanediol, Dipropylene Glycol, 1,2-Hexanediol, Betaine, Panthenol, Niacinamide, Centella Asiatica Extract, Theobroma Cacao (Cocoa) Seed Extract, Ficus Carica (Fig) Fruit Extract, Artemisia Princeps Leaf Extract, Juniperus Virginiana Oil, Hydrogenated Lecithin, Cedrus Atlantica Bark Oil, Amyris Balsamifera Bark Oil, Pogostemon Cablin Oil, Water, Glycerin, Polymethylsilsesquioxane, Acrylates/C10-30 Alkyl Acrylate Crosspolymer, Octyldodeceth-16, Tromethamine, Fructooligosaccharides, Butylene Glycol, Xanthan Gum, Glyceryl Polymethacrylate, Adenosine, Dextrin, Copaifera Officinalis (Balsam Copaiba) Resin, Ceramide Np, Lactobacillus Ferment Lysate, Lactococcus Ferment Lysate, Bifida Ferment Filtrate, Saccharomyces Ferment Filtrate, Ethylhexylglycerin;0;Essence;Treatment;mengatasi kulit kusam dan kasar akibat ketidakseimbangan air-minyak, memperbaiki kerutan dan garis halus, memberikan nutrisi untuk mengencangkan kulit, serta meningkatkan keseimbangan alami kulit
Ginseng Essence Water;BEAUTY OF JOSEON;Rp187.500;Panax Ginseng Root Water, Butylene Glycol, Glycerin, Propanediol, Niacinamide, 1,2-Hexanediol, Water, Hydroxyacetophenone, Glyceryl Glucoside, Panthenol, Xanthan Gum, Allantoin, Dipotassium Glycyrrhizate, Adenosine, Panax Ginseng Callus Culture Extract, Dextrin, Theobroma Cacao Extract, Disodium Edta, Glucose, Panax Ginseng Berry Extract, Panax Ginseng Root Extract, Lactobacillus/Panax Ginseng Root Ferment Filtrate, Ethylhexylglycerin, Sodium Hyaluronate;4.7;Essence;Treatment;memberikan kelembapan dan nutrisi hingga ke dalam kulit, melawan radikal bebas yang dapat menyebabkan penuaan dini. merawat keremajaan kulit, melembabkan kulit, menenangkan kulit yang iritasi ringan. menyegarkan di kulit.
Biome Barrier Essence in Powder;UIQ;Rp449.100;Aqua, Cutibacterium Avidum Ferment Extract Filtrate, Glycerin, Polymethylsilsesquioxane, Silica Silylate, Ascorbyl Glucoside, Sodium Benzoate, 1,2-Hexanediol, Sodium Dehydroacetate, Ethylhexylglycerin, Butylene Glycol, Alcohol, Fructan, Protease, Phenoxyethanol.;5;Essence;Treatment;merawat skin barrier dan menjaga hidrasi kulit. Dapat membantu menyamarkan tekstur wajah agar tampak lebih halus.
Ultimate Bright Crystal Essence;SAFI;Rp76.900;Water, Glycerin, Betaine, Methylpropanediol, PEG-60 Hydrogenated Oil, Carbomer, PPG-26 Buteth-26, Sodium Hyaluronate, PEG-40 Hydrogenated Oil, Xanthan Gum, Butylene Glycol, Sodium Hydroxide, Benzophenone-4, Agar, Calcium Alginate, Gellan Gum, Terminalia Ferdinandiana Fruit Extract, 1,2-Hexanediol, Caprylyl Glycol, Mica, Ethyl Ascorbic Acid, Retinyl Acetate, Tocopheryl Acetate, Ascorbyl Tetraisopalmitate, Lithothamnion Calcareum Extract, Borago Officinalis Seed Oil, Mannitol, Arginine, Perfluorodecalin, 4-Butylresorcinol, Dextrin, Diatomaceous Earth, Simmondsia Chinensis Seed Oil, Lecithin, Glycosphingolipids, Sucrose Palmitate, Zinc Sulfate, Chlorphenesin, Phenoxyethanol, Potassium Sorbate, Sodium Benzoate, CI 77891;4;Essence;Treatment;membantu mencerahkan kulit, meratakan tona warna kulit, dan menghidrasi kulit.  membantu tampilan kulit wajah tampak lebih cerah bercahaya. Menjadikan kulit wajah terasa lebih lembut, tetap sehat, dan tampak lebih cerah merata. membantu melindungi kulit dari paparan radikal bebas, memelihara kulit sehatmu agar tampak segar dan cerah. kulit wajah tetap sehat, tampak lebih cerah, dan bercahaya.
Calming Essence;FOCALSKIN;Rp101.700;AQUA, GLYCERIN, BUTYLENE GLYCOL, GLYCERYL GLUCOSIDE, PEG/PPG-17/6 COPOLYMER, DIETHOXYETHYL SUCCINATE, BIS-PEG-18 METHYL ETHER DIMETHYL SILANE, PEG/PPG-14/7 DIMETHYL ETHER, 1,2-HEXANEDIOL, PHENOXYETHANOL, CENTELLA ASIATICA EXTRACT, ACRYLATES/C10-30 ALKYL ACRYLATE CROSSPOLYMER, CHLORPHENESIN, FRUCTOSE, PENTYLENE GLYCOL, INOSITOL, TREMELLA FUCIFORMIS SPOROCARP EXTRACT, CARNOSINE, POTASSIUM HYDROXIDE, HYDROLYZED HYALURONIC ACID, PEG-40 HYDROGENATED CASTOR OIL, AVENA SATIVA KERNEL EXTRACT, PHOSPHATIDYLCHOLINE, SODIUM HYALURONATE, CERAMIDE NP, DISODIUM EDTA, SCLEROTIUM GUM, NIACINAMIDE, PARFUM, PHYTOSTEROLS, SODIUM STEAROYL GLUTAMATE, SCUTELLARIA BAICALENSIS ROOT EXTRACT, GLYCYRRHIZA INFLATA ROOT EXTRACT, SOPHORA FLAVESCENS ROOT EXTRACT, HYDROXYACETOPHENONE, MADECASSOSIDE, OCTYLDODECANOL, HYDROGENATED LECITHIN, ASIATICOSIDE, POLYGLYCERYL-10 STEARATE, CERAMIDE 3, ASIATIC ACID, MADECASSIC ACID, PHYTOSPHINGOSINE, CHOLESTEROL, PHOSPHOLIPIDS, CERAMIDE 2, CERAMIDE AS, CERAMIDE AP, CERAMIDE EOP;5;Essence;Treatment;Menenangkan kulit meredakan berbagai masalah kulit, Menyembuhkan jerawat dan meredakan kemerahan, kekeringan dan gatal pada kulit, Menyegarkan dan melembabkan, menyerap dengan baik, tidak lengket pada kulit, Memperbaiki dan menjaga kesehatan kulit, sehingga kulit menjadi lebih stabil dan sehat
Pond's Age Miracle Hexyl Retinol: Niacinamide + Hexylresorcinol + Retinol-C. Day Serum;POND'S;Rp125.000;Niacinamide, Hexylresorcinol, Retinol-C;4.8;Essence;Treatment;Memudarkan noda hitam akibat sinar matahari dan noda bekas jerawat, mencerahkan dan meratakan warna kulit
R.E.D Blemish Balancing Essence Fluid;DR.G;Rp339.150;Aqua, Glycerin, Caprylic/Capric Triglyceride, Niacinamide, Propanediol, Hydrogenated Poly(C6-14 Olefin), Pentylene Glycol, 1,2-Hexanediol, Polyglyceryl-3 Methylglucose Distearate, Vinyl Dimethicone, Glyceryl Stearate, Stearyl Alcohol, Cetyl Alcohol, Caprylyl Glycol, Panthenol, Sodium Acrylate/Sodium Acryloyldimethyl Taurate Copolymer, Carbomer, Polyisobutene, Betaine, PCA Dimethicone, Xanthan Gum, Butylene Glycol, Adenosine, Disodium EDTA, Caprylyl/Capryl Glucoside, Sorbitan Oleate, Bacillus Ferment, Myristyl Alcohol, Lauryl Alcohol, Allantoin, Dipropylene Glycol, Madecassoside, Enantia Chlorantha Bark Extract, Anastatica Hierochuntica Extract, Lactobacillus Ferment, Polyglyceryl-10 Stearate, Ceramide NP, Asiaticoside, Centella Asiatica Extract, Madecassic Acid, Centella Asiatica Leaf Extract, Asiatic Acid, Hydrogenated Lecithin, Ceramide AP, Ceramide NS, Oleanolic Acid, Ceramide EOP.;5;Essence;Treatment;menjaga keseimbangan kadar minyak dan kelembapan kulit wajah. Merawat skin barrier
Two in One Poreless Power Liquid;COSRX;Rp220.500;Salix Alba (Willow) Bark Water, Butylene Glycol, Hydroxypropyl Cyclodextrin, Water, Pentylene Glycol, 1,2-Hexanediol, Betaine Salicylate, Arginine, Betaine, PEG-60 Hydrogenated Castor Oil, Allantoin, Panthenol, Ethylhexylglycerin, Sodium Hyaluronate, Carbomer, Cassia Obtusifolia Seed Extract, Menthyl Lactate, Mentha Haplocalix Extract;4.8;Essence;Treatment;membantu membersihkan pori, sekaligus mengencangkannya. Produk ini juga efektif dalam menenangkan kulit dan mengontrol produksi sebum berlebih. mendinginkan wajah untuk mencegah pori-pori membesar dan mengecilkan pori-pori pada saat yang bersamaan, menghaluskan tekstur kulit. efektif dalam menenangkan kulit dan mengontrol produksi sebum berlebih
Advance snail 96 mucin power essence;COSRX;Rp89.100;Snail Secretion Filtrate, Betaine, Butylene Glycol, 1,2-Hexanediol, Sodium Polyacrylate, Phenoxyethanol, Sodium Hyaluronate, Allantoin, Ethyl Hexanediol, Carbomer, Panthenol, Arginine;5;Essence;Treatment;membuat kulit menjadi sehat dan kenyal. memberi kelembapan ekstra kepada kulit serta memperbaiki tekstur kulit menjadi lebih sehat dan kenyal.
Time Revolution The First Essence 5X;MISSHA;Rp524.170;Yeast Ferment Extract, 1,2-Hexanediol, Niacinamide, Bifida Ferment Lysate, Diethoxyethyl Succinate, Sodium PCA, Water, Butylene Glycol, Ethylhexylglycerin, Adenosine, Ceramide NP, Hydrogenated Lecithin;4.8;Essence;Treatment;Melembapkan kulit secara intens, menjaga keseimbangan kulit, meningkatkan kekuatan kulit, memperbaiki warna dan tekstur kulit, menjaga kelembapan, meredakan iritasi, melindungi dari pigmentasi, meningkatkan elastisitas, mengurangi kerutan, dan memberikan efek anti-aging.
Licorice pH Balancing Essence Mist;ACWELL;Rp148.850;WATER, BAMBUSA VULGARIS WATER, GLYCYRRHIZA GLABRA (LICORICE) ROOT WATER, SACCHAROMYCES FERMENT FILTRATE, METHYLPROPANEDIOL, TRIETHYLHEXANOIN, HYDROGENATED POLY(C6-14 OLEFIN), 1,2-HEXANEDIOL, HYDROGENATED LECITHIN, GLYCERIN, CELLULOSE GUM, CENTELLA ASIATICA LEAF WATER, GLYCYRRHIZA URALENSIS (LICORICE) ROOT EXTRACT, ALGAE EXTRACT, ECLIPTA PROSTRATA LEAF EXTRACT, ROYAL JELLY EXTRACT, CORDYCEPS SINENSIS EXTRACT, YEAST EXTRACT, AVENA SATIVA (OAT) KERNEL EXTRACT, CYNARA SCOLYMUS (ARTICHOKE) LEAF EXTRACT, PTERIS MULTIFIDA EXTRACT, VACCINIUM MYRTILLUS FRUIT EXTRACT, SACCHARUM OFFICINARUM (SUGARCANE) EXTRACT, CITRUS AURANTIUM DULCIS (ORANGE) FRUIT EXTRACT, CITRUS LIMON (LEMON) FRUIT EXTRACT, ACER SACCHARUM (SUGAR MAPLE) EXTRACT, DIPROPYLENE GLYCOL, POLYGLYCERYL-10 MYRISTATE, CITRUS AURANTIUM BERGAMIA (BERGAMOT) FRUIT OIL, ETHYLHEXYLGLYCERIN, BETA-GLUCAN, POLYQUATERNIUM-51, FRUCTOOLIGOSACCHARIDES, LECITHIN, HYDROLYZED HYALURONIC ACID;5;Essence;Treatment;memberi efek menyejukkan, mencerahkan, dan menenangkan kulit. Menghidrasi dan memberi kelembaban kulit.
Hydra Glow Hydrating Water Toning Essence 150ml - Perawatan Wajah;SAFI;Rp220.000;Water, Glycerin, Betaine, Methylpropanediol, PEG-60 Hydrogenated Castor Oil, Hydroxyacetophenone, Ethanol, Sodium Hyaluronate, Carbomer, Xanthan Gum, Sodium Hydroxide, Tocopheryl Acetate, Butylene Glycol, Aspergillus Ferment, Hydroxypropyltrimonium Hyaluronate, Hyaluronic Acid, Fragrance, Rosa Damascena Flower Water, Rosa Damascena Flower Oil, Rosa Damascena Flower Extract, Pelargonium Graveolens Oil;5;Essence;Treatment;Menutrisi, menghidrasi serta mengunci kelembapan di dalam kulit. membantu menghidrasi kulit secara optimal, mengunci kelembapan kulit serta menjadikan kulit tampak cerah bercahaya. melindungi kulit dari paparan radikal bebas serta membantu melembutkan tekstur/tampilan kulit.
YOU AcnePlus AHA BHA PHA Daily Essence;YOU BEAUTY;Rp55.250;Water, Glycerin, Cellulose, Sodium Chloride, Sodium Citrate, Butylene Glycol, Phenoxyethanol, Lactobionic Acid, Citric Acid, Hydroxyacetophenone, Pseudoalteromonas Ferment Extract, Sodium Hyaluronate, PEG-40 Hydrogenated Castor Oil, Disodium EDTA, Astragalus Membranaceus Root Extract, Aminomethyl Propanol, Saposhnikovia Divaricata Root Extract, Calendula Officinalis Flower Extract, Caprylic/Capric Triglyceride, Isohexadecane, Sodium Salicylate, Gastrodia Elata Root Extract, Albizia Julibrissin Flower Extract, Hamamelis Virginiana (Witch Hazel) Extract, Cedrus Atlantica Bark Oil, Melaleuca Alternifolia (Tea Tree) Leaf Oil, Citrus Paradisi (Grapefruit) Peel Oil, Pelargonium Graveolens Oil, Glycolic Acid, Quaternium-73, 1,2-Hexanediol, Madecassoside, Asiaticoside, Asiatic Acid, Madecassic Acid.;5;Essence;Treatment;membantu menyeimbangkan kadar air dan minyak pada kulit, membantu merawat pori-pori dan melawan jerawat, untuk kulit segar dan sehat.
Galactomyces 95 Tone Balancing Essence;COSRX;Rp179.400;Galactomyces Ferment Filtrate, Niacinamide, Panthenol, Glycerin, 1,2-Hexanediol, Butylene Glycol, Betaine, Sodium Hyaluronate, Allantoin, Xanthan Gum, Ethyl Hexanediol, Adenosine;4.8;Essence;Treatment;membantu mengurangi tanda-tanda penuaan dini kulit, dan menjaga kulit agar tetap kencang dan halus. membantu menutrisi dan menghidrasi kulit, membuatnya tampak lebih bercahaya dan jernih. membantu mencerahkan kulit yang tampak lelah dan kusam sekaligus memberikan hidrasi dan antioksidan pada kulit. Menambah kelembapan ekstra pada kulit, menjaga kulit tetap terhidrasi
Mask Fit Tone Up Essence;TIRTIR;Rp270.000;Water, Methyl Trimethicone, Titanium Dioxide (CI 77891), Dimethicone, Alcohol Denat., Butylene Glycol, Cyclopentasiloxane, Phenyl Trimethicone, Butyloctyl Salicylate, Lauryl PEG-8 Dimethicone, Niacinamide, Sodium Chloride, Cetyl Dimethicone, PEG-9 Polydimethylsiloxyethyl Dimethicone, PEG-10 Dimethicone/Vinyl Dimethicone Crosspolymer, Cetyl PEG/PPG-10/1 Dimethicone, Disteardimonium Hectorite, Propanediol, Portulaca Oleracea Extract, Aluminum Hydroxide, Sorbitan Sesquioleate, Trimethylsiloxysilicate, Iron Oxides (CI 77492), Stearic Acid, Sodium Benzoate, Diisostearyl Malate, Fragrance, Acrylates/Dimethicone Copolymer, Triethyl Citrate, Polysilicone-11, Potassium Sorbate, Triethoxycaprylylsilane, Bis-Diglyceryl Polyacyladipate-2, Ethylhexylglycerin, Sodium Myristoyl Glutamate, Xanthan Gum, Caesalpinia Spinosa Fruit Extract, Polyhydroxystearic Acid, Iron Oxides (CI 77491), Disodium EDTA, Disodium stearoyl glutamate, Adenosine, Ethylhexyl Palmitate, Isopropyl Myristate, Isostearic Acid, Lecithin, Polyglyceryl-3 Polyricinoleate, Kappaphycus Alvarezii Extract, 1,2-Hexanediol, Hyaluronic Acid, Hydrolyzed Hyaluronic Acid, Phyllanthus Emblica Fruit Extract, Sodium Hyaluronate, Iron Oxides (CI 77499), Cocos Nucifera (Coconut) Fruit Extract, Hibiscus Esculentus Fruit Extract, Prunus Persica (Peach) Flower Extract;5;Essence;Treatment;meratakan warna kulit dan memberikan efek cerah alami. merawat dan melindungi kulit 
Hydrating Treatment Essence;AVOSKIN;Rp141.550;Niacinamide, Centella Asiatica, White Gen, dan multifunctional Peppermint Oil.Air, Alkohol, Niacinamide, Gliserin, Butylene Glycol, Phenoxyethanol, Ekstrak Centella Asiatica, PPG-26-Buteth-26, PEG-40 Hydrogenated Castor Oil, Forsythia Suspense Fruit Extract, Mentha Piperita (Peppermint) Oil, Methyl Lactate, Ethylhexylglyexcerin, Ethylhexylglycerin, Ethylhexylglycerin , Ethylhexylglycerin, 2-Hexanedio;4.8;Essence;Treatment;memberikan hidrasi optimal dan menenangkan kulit. 
Fig Boosting Essence;I'M FROM;Rp 135.200 - Rp 540.550;Ficus Carica (Fig) Fruit Extract, Dipropylene Glycol, Glycerin, Propanediol, 1,2-Hexanediol, Water, Pentylene Glycol, Polyglyceryl-10 Laurate, Chlorella Vulgaris Extract, Glucose, Panthenol, Butylene Glycol, Ethylhexylglycerin, Diphenyl Dimethicone, Fructooligosaccharides, Fructose, Triethylhexanoin, Sodium Hyaluronate, Xanthan Gum, Disodium EDTA, Glycine Soja (Soybean) Seed Extract, Allantoin, Betaine Salicylate, Hydrogenated Lecithin, Octanediol, Tocopherol;4.8;Essence;Treatment;menciptakan kelembapan maksimal serta mempersiapkan kulit untuk menyerap produk skincare berikutnya. membentuk lapisan yang mampu menghidrasi kulit. melawan tanda-tanda penuaan pada wajah.  menjaga kesehatan kulit. mengangkat sel kulit mati dan mengatur sebum tanpa membuat kulit menjadi kering.
Biome Re: Essence;UIQ;Rp295.200;Aqua, Glycerin, Propanediol, Cutibacterium Granulosum Ferment Extract Filtrate, Dipropylene Glycol, 1,2-Hexanediol, Methylpropanediol, Niacinamide, Panthenol, Sodium Polyacryloyldimethyl Taurate, Pentylene Glycol, Carbomer, Tromethamine, Ethylhexylglycerin, Adenosine, Citric Acid, Glyceryl Acrylate/Acrylic Acid Copolymer, Dipotassium Glycyrrhizate, Alpha-Glucan Oligosaccharide, Sodium Hyaluronate, Sodium Phytate, Beta-Glucan, Tocopherol, Capryloyl Salicylic Acid, Succinic Acid.;4.6;Essence;Treatment;membantu merawat kelembapan kulit. Kulit tetap sehat dan ternutrisi.
Royal Black Snail First Essence;DR.G;Rp390.150;Aqua, Butylene Glycol, Glycerin, Snail Secretion Filtrate, 1,2-Hexanediol, Niacinamide, Panthenol, Diphenyl Dimethicone, Triethylhexanoin, Betaine, Maltodextrin, Polyglyceryl-10 Oleate, Hydrogenated Lechitin, Disodium EDTA, Adenosine, Zymomonas Ferment Extract, Butyrospermum Parkii (Shea) Butter, Malt Extract, Honey Extract, Sodium Hyaluronate, Phenethyl Alcohol, Ethylhexylglycerin, Hydrolyzed Royal Jelly Protein, Parfum.;5;Essence;Treatment;menjaga kelembapan dan keremajaan kulit wajah. membuat kulit tetap ternutrisi. Membantu menghilangkan kulit kusam & mengandung efek mengencangkan, Memperkuat elastisitas, Hidrasi tahan lama, Menghaluskan garis usia & membantu meratakan warna kulit
Age Defy Gold Water Essence;SAFI;Rp 69.900 - Rp 182.900;Aqua, Propanediol, Glycerin, Butylene Glycol, Betaine, Hydroxyacetophenone, PEG-60 Hydrogenated Castor Oil, Carbomer, Sodium Hyaluronate, Sodium Hydroxide, Ascorbyl Tetraisopalmitate, Carnosine, Octadecyl Di-t-butyl-4-hydroxyhydrocinnamate, Sericin, Colloidal Gold, Acetyl Heptapeptide-9, Fragrance, Methylparaben, CI 19140.;4.8;Essence;Treatment;memelihara struktur kulit, tidak hanya merawat bagian luar namun juga bagian dalam kulit, merawat keremajaan kulit dengan optimal. mempertahankan dan memelihara kelembaban sepanjang hari, sehingga kulit terasa halus dan lembut dan mempersiapkan kulit untuk menerima perawatan kulit selanjutnya
The Origin Ocean Essence Water;KLAVUU;Rp304.000;Water, Xylitol, 1,2-Hexanediol, Butylene Glycol, Glycereth-26, Dipropylene Glycol, Ethylhexylglycerin, Disodium EDTA, Sodium Hyaluronate, Glycerin, Polyglyceryl-10 Laurate, Polyglyceryl-10 Myristate, Sea Water, Panthenol, Houttuynia cordata Extract, Chlorella Vulgaris Extract, Gelidium Cartilagineum Extract, Laminaria Japonica Extract, Hizikia Fusiforme Extract, Undaria Pinnatifida Extract, Sea Salt, Chondrus Crispus Extract, Maltodextrin, Hydrolyzed Vegetable Protein, Cynanchum Atratum Extract;4.7;Essence;Treatment;melembabkan serta menjaga keseimbangan air dan sebum pada wajah sesuai kebutuhan kulit, dari kulit kering hingga berminyak. menangkan dan menyegarkan kulit wajah yang lelah, memberikan kelembaban pada kulit. Wajah menjadi lembab, kenyal dan segar.
All Around Safe Block Essence Sun SPF45/PA+++;MISSHA;Rp205.900;Water, Ethylhexyl Methoxycinnamate, Ethylhexyl Salicylate, Butylene Glycol, Phenylbenzimidazole Sulfonic Acid, Diethylamino Hydroxybenzoyl Hexyl Benzoate, Methyl Methacrylate Crosspolymer, C12-15 Alkyl Benzoate, Cetearyl Alcohol, Bis-Ethylhexyloxyphenol Methoxyphenyl Triazine, Glyceryl Stearate, Cetearyl Olivate, Sorbitan Olivate, Sodium Hydroxide, Polysorbate 60, Dimethicone, Polyacrylate-13, Caprylyl Glycol, PEG-100 Stearate, Ethylhexylglycerin, Fragrance, Polyisobutene, Sorbitan Sesquioleate, Disodium EDTA, BHT, 1,2-Hexanediol, Polysorbate 20, Sorbitan Isostearate, Limonia Acidissima Extract, Nelumbo Nucifera Flower Extract, Panthenol, Portulaca Oleracea Extract, Propylene Glycol, Vp/?Hexadecene Copolymer, Rosa Davurica Bud Extract, Cyclopentasiloxane, Cucumis Sativus (Cucumber) Fruit Extract, Potassium Sorbate, Acrylates/?Dimethicone Copolymer, Morus Alba Root Extract, Hamamelis Virginiana (Witch Hazel) Water, Glycyrrhiza Glabra (Licorice) Root Extract, Alcohol, Camellia Sinensis Leaf Extract, Chrysanthemum Indicum Flower Extract, Phenoxyethanol, Artemisia Princeps Leaf Extract, Cinnamomum Cassia Bark Extract, Pueraria Lobata Root Extract, Diospyros Kaki Leaf Extract, Aloe Barbadensis Leaf Juice, Morus Alba Fruit Extract, Thymus Vulgaris (Thyme) Leaf Water, Helichrysum Italicum Flower Water, Centaurea Cyanus Flower Water, Sodium Benzoate;4.6;Essence;Treatment;Memberikan perlindungan tinggi terhadap UVA dan UVB, tahan keringat dan air, tidak lengket, melembapkan, serta melindungi kulit dari penuaan dan kerusakan akibat radikal bebas.
